{
    "awards": {
        "0": {
            "year": "2022",
            "award": "Green Innovator of the Year",
            "source": "Eco Warrior Digest",
            "icon": "pe-7s-star"
        },
        "1": {
            "year": "2022",
            "award": "Increased urban green spaces by 150%",
            "source": "Cities like Seattle and Austin",
            "icon": "pe-7s-sun"
        },
        "2": {
            "year": "2021",
            "award": "Partnered with UNICEF",
            "source": "Areas suffering from water scarcity",
            "icon": "pe-7s-speaker"
        },
        "3": {
            "year": "2020",
            "award": "Adopted by 20 major city parks globally",
            "source": "Reducing their carbon footprint",
            "icon": "pe-7s-shopbag"
        },
        "5": {
            "year": "200555",
            "award": "Hopeful",
            "source": "Hopeful",
            "icon": "#"
        },
        "6": {
            "year": "2005",
            "award": "Who",
            "source": "me again",
            "icon": "#j"
        }
    }
}